bmsce@bmsce-Precision-T1700:~$ cd cassandra/apache-cassandra-3.11.0
bmsce@bmsce-Precision-T1700:~/cassandra/apache-cassandra-3.11.0$ ls
bin          conf  interface  lib          NEWS.txt    pylib
CHANGES.txt  doc   javadoc    LICENSE.txt  NOTICE.txt  tools
bmsce@bmsce-Precision-T1700:~/cassandra/apache-cassandra-3.11.0$ cd bin
bmsce@bmsce-Precision-T1700:~/cassandra/apache-cassandra-3.11.0/bin$ ls
cassandra         cqlsh.py         sstableloader.bat   sstableverify
cassandra.bat     debug-cql        sstablescrub        sstableverify.bat
cassandra.in.bat  debug-cql.bat    sstablescrub.bat    stop-server
cassandra.in.sh   nodetool         sstableupgrade      stop-server.bat
cassandra.ps1     nodetool.bat     sstableupgrade.bat  stop-server.ps1
cqlsh             source-conf.ps1  sstableutil
cqlsh.bat         sstableloader    sstableutil.bat
bmsce@bmsce-Precision-T1700:~/cassandra/apache-cassandra-3.11.0/bin$ ./cqlsh
Connected to Test Cluster at 127.0.0.1:9042.
[cqlsh 5.0.1 | Cassandra 3.11.4 | CQL spec 3.4.4 | Native protocol v4]
Use HELP for help.
cqlsh> HELP

Documented shell commands:
===========================
CAPTURE  CLS          COPY  DESCRIBE  EXPAND  LOGIN   SERIAL  SOURCE   UNICODE
CLEAR    CONSISTENCY  DESC  EXIT      HELP    PAGING  SHOW    TRACING

CQL help topics:
================
AGGREGATES               CREATE_KEYSPACE           DROP_TRIGGER      TEXT     
ALTER_KEYSPACE           CREATE_MATERIALIZED_VIEW  DROP_TYPE         TIME     
ALTER_MATERIALIZED_VIEW  CREATE_ROLE               DROP_USER         TIMESTAMP
ALTER_TABLE              CREATE_TABLE              FUNCTIONS         TRUNCATE 
ALTER_TYPE               CREATE_TRIGGER            GRANT             TYPES    
ALTER_USER               CREATE_TYPE               INSERT            UPDATE   
APPLY                    CREATE_USER               INSERT_JSON       USE      
ASCII                    DATE                      INT               UUID     
BATCH                    DELETE                    JSON            
BEGIN                    DROP_AGGREGATE            KEYWORDS        
BLOB                     DROP_COLUMNFAMILY         LIST_PERMISSIONS
BOOLEAN                  DROP_FUNCTION             LIST_ROLES      
COUNTER                  DROP_INDEX                LIST_USERS      
CREATE_AGGREGATE         DROP_KEYSPACE             PERMISSIONS     
CREATE_COLUMNFAMILY      DROP_MATERIALIZED_VIEW    REVOKE          
CREATE_FUNCTION          DROP_ROLE                 SELECT          
CREATE_INDEX             DROP_TABLE                SELECT_JSON     

cqlsh> HELP CREATE_KEYSPACE
cqlsh> [5673:5694:0320/113457.849766:ERROR:browser_process_sub_thread.cc(203)] Waited 1 ms for network service
Opening in existing browser session.

cqlsh> CREATE_KEYSPACE students WITH REPLICATION = <
   ... 'class':'Simple Strategy', 'replication_factor':1>;
SyntaxException: line 1:0 no viable alternative at input 'CREATE_KEYSPACE' ([CREATE_KEYSPACE]...)
cqlsh> CREATE_KEYSPACE students WITH REPLICATION = < 'class':'Simple Strategy', 'replication factor':1>;
SyntaxException: line 1:0 no viable alternative at input 'CREATE_KEYSPACE' ([CREATE_KEYSPACE]...)
cqlsh> CREATE_KEYSPACE students WITH REPLICATION = {'class':'SimpleStrategy', 'replication_factor':1};
SyntaxException: line 1:0 no viable alternative at input 'CREATE_KEYSPACE' ([CREATE_KEYSPACE]...)
cqlsh> CREATE KEYSPACE students WITH replication = {'class' : 'SimpleStrategy', 'replication_factor' : 1};
cqlsh> describe keyspaces;

students  system_schema  system_auth  system  system_distributed  system_traces

cqlsh> select * from system.schema_keyspaces
   ... 
   ... 
   ... 
   ... 
Statements are terminated with a ';'.  You can press CTRL-C to cancel an incomplete statement.
   ... 
cqlsh> select * from system.students;
InvalidRequest: Error from server: code=2200 [Invalid query] message="unconfigured table students"
cqlsh> select * students.schema_keyspaces;
SyntaxException: line 1:9 mismatched input 'students' expecting K_FROM (select * [students]...)
cqlsh> select * from system_schema;
InvalidRequest: Error from server: code=2200 [Invalid query] message="No keyspace has been specified. USE a keyspace, or explicitly specify keyspace.tablename"
cqlsh> select * from system.schema.keyspaces;
SyntaxException: line 1:21 no viable alternative at input 'schema' (select * from system.[schema]...)
cqlsh> select * from system_schema.keyspaces;

 keyspace_name      | durable_writes | replication
--------------------+----------------+-------------------------------------------------------------------------------------
        system_auth |           True | {'class': 'org.apache.cassandra.locator.SimpleStrategy', 'replication_factor': '1'}
      system_schema |           True |                             {'class': 'org.apache.cassandra.locator.LocalStrategy'}
 system_distributed |           True | {'class': 'org.apache.cassandra.locator.SimpleStrategy', 'replication_factor': '3'}
             system |           True |                             {'class': 'org.apache.cassandra.locator.LocalStrategy'}
      system_traces |           True | {'class': 'org.apache.cassandra.locator.SimpleStrategy', 'replication_factor': '2'}
           students |           True | {'class': 'org.apache.cassandra.locator.SimpleStrategy', 'replication_factor': '1'}

(6 rows)
cqlsh> use students;
cqlsh:students> create table tab1 (
            ... id PRIMARY KEY,
            ... name text,
            ... age int,
            ... cgpa float,
            ... address text);
SyntaxException: line 2:3 no viable alternative at input 'PRIMARY' (create table tab1 (id [PRIMARY]...)
cqlsh:students> create table tab1 ( id text PRIMARY KEY, name text, age int, cgpa float, address text);
cqlsh:students> begin batch
            ... insert into tab1 values ('1BM18CS015', 'Aniruddh', 20, 8.5, 'Bangalore');
            ... 
            ... 
            ... 
            ... 
Statements are terminated with a ';'.  You can press CTRL-C to cancel an incomplete statement.
            ... 
            ... 
            ... 
cqlsh:students> insert into tab1 values (what is keyspace in cassandrawhat is keyspace in cassandrawhat is keyspace in cassandrawhat is keyspace in cassandra
            ... 
cqlsh:students> insert into tab1 (id, name, age, cgpa, address) values ('1BM18CS015', 'Aniruddh', 20, 8.5, 'Bangalore')
            ... 
            ... 
            ... 
cqlsh:students> insert into tab1 (id, name, age, cgpa, address) values ('1BM18CS015', 'Aniruddh', 20, 8.5, 'Bangalore');
cqlsh:students> select * from tab1;

 id         | address   | age | cgpa | name
------------+-----------+-----+------+----------
 1BM18CS015 | Bangalore |  20 |  8.5 | Aniruddh

(1 rows)
cqlsh:students> create index no_of_students on tab1 (id);
InvalidRequest: Error from server: code=2200 [Invalid query] message="Cannot create secondary index on partition key column id"
cqlsh:students> create index no_of_students on tab1 (name);
cqlsh:students> insert into tab1 (id, name, age, cgpa, address) values ('1BM18CS014', 'Amogh', 20, 9.8, 'Bangalore');
cqlsh:students> insert into tab1 (id, name, age, cgpa, address) values ('1BM18CS023', 'Praneeth', 20, 9.8, 'Bangalore');
cqlsh:students> select * from tab1;

 id         | address   | age | cgpa | name
------------+-----------+-----+------+----------
 1BM18CS014 | Bangalore |  20 |  9.8 |    Amogh
 1BM18CS023 | Bangalore |  20 |  9.8 | Praneeth
 1BM18CS015 | Bangalore |  20 |  8.5 | Aniruddh

(3 rows)
cqlsh:students> select * from tab1 where cgpa>9;
InvalidRequest: Error from server: code=2200 [Invalid query] message="Cannot execute this query as it might involve data filtering and thus may have unpredictable performance. If you want to execute this query despite the performance unpredictability, use ALLOW FILTERING"
cqlsh:students> select * from tab1 where name='Aniruddh';

 id         | address   | age | cgpa | name
------------+-----------+-----+------+----------
 1BM18CS015 | Bangalore |  20 |  8.5 | Aniruddh

(1 rows)
cqlsh:students> select * from lab1 limit 2;
InvalidRequest: Error from server: code=2200 [Invalid query] message="unconfigured table lab1"
cqlsh:students> select name as 'student_name' from tab1;
SyntaxException: line 1:15 no viable alternative at input 'student_name' (select name as ['student_nam]...)
cqlsh:students> select * from tab1 where age=20;
InvalidRequest: Error from server: code=2200 [Invalid query] message="Cannot execute this query as it might involve data filtering and thus may have unpredictable performance. If you want to execute this query despite the performance unpredictability, use ALLOW FILTERING"
cqlsh:students> update tab1 set name='Praneeth' where id='1BM18CS015';
cqlsh:students> delete from tab1 where id = '1BM18CS015';
cqlsh:students> select * from tab1;

 id         | address   | age | cgpa | name
------------+-----------+-----+------+----------
 1BM18CS014 | Bangalore |  20 |  9.8 |    Amogh
 1BM18CS023 | Bangalore |  20 |  9.8 | Praneeth

(2 rows)
cqlsh:students> 
cqlsh:students> 
cqlsh:students> 


